id,bin_type,customer_id,lbs,pickup_date
0,Wood,NRWMDAJURW,28.57896125208377,2020-07-04
1,Plastic Wrap,GGDYAKXSTC,9.584661159042419,2020-07-06
2,Metal,CDKURGWJJO,29.17610210818691,2020-07-05
3,Metal,CBSHOKXRDI,24.027886206265592,2020-07-02
4,Metal,EQYMAOXRRK,30.160945157537185,2020-07-08
5,Glass Bottles/Containers,QBZVPCBGRU,16.568244090574932,2020-07-01
6,Plastic Bottles/Containers,GNABLWCDGP,30.966745941518933,2020-07-06
7,Plastic Wrap,QMRJCZUNDS,48.49005494720736,2020-07-08
8,Plastic Wrap,XVLEQPNUAJ,21.66257586604617,2020-07-04
9,Wood,MDJNEOBGDG,19.807351018693794,2020-07-06
10,Landfill,FHBTLVLVMB,19.04390379121797,2020-07-09
11,E-waste,XBWREXKQWU,12.366794143915447,2020-07-07
12,Paper/Cardboard,VKUTIXXQVV,36.12570149168677,2020-07-04
13,E-waste,MTKTBPDFSM,32.99219677611174,2020-07-05
14,Compost,JIGKSLXYYY,31.407207360705467,2020-07-08
15,E-waste,QCJFTZMPZS,28.345446493978635,2020-07-04
16,E-waste,GEYGXNPXZR,24.51054159787331,2020-07-08
17,Plastic Bottles/Containers,TYTJRJQAAR,31.551608485333706,2020-07-02
18,Paper/Cardboard,HNPRHPSOTX,24.265117010291064,2020-07-02
19,Compost,DOTPWZZIXP,7.3523852800329905,2020-07-08
20,E-waste,MYDWXDDXJE,31.56135180371768,2020-07-09
21,E-waste,LPGDKZKJXI,22.881658674198956,2020-07-09
22,Paper/Cardboard,PIXLGIKMPT,22.01982968676293,2020-07-02
23,Plastic Wrap,NUYZHPCPCS,38.5548449855314,2020-07-06
24,Metal,NUYZHPCPCS,8.837739984105088,2020-07-08
25,Paper/Cardboard,JNMANIGDSK,10.795572607557132,2020-07-05
26,Metal,EIMHZIKASB,34.83340596943778,2020-07-09
27,Wood,HTIJNUATLB,14.508515849510665,2020-07-09
28,Aluminum Cans/Containers,PIXLGIKMPT,29.81495957046567,2020-07-01
29,Aluminum Cans/Containers,VCRFPAYBMI,24.402884874116083,2020-07-09
30,Metal,GDGWSGRJOW,19.811291348666757,2020-07-03
31,Paper/Cardboard,NDVJAZWJHI,35.30731224723395,2020-07-09
32,Plastic Wrap,FIZVGPBYCK,39.830714715785334,2020-07-02
33,Wood,WRCQEZUHHB,44.18779804624175,2020-07-01
34,Wood,VKUTIXXQVV,21.684722580694547,2020-07-02
35,Plastic Bottles/Containers,GEYGXNPXZR,29.48210310503045,2020-07-08
36,Glass Bottles/Containers,KCFZWLLJOY,36.076977910034294,2020-07-05
37,E-waste,RLHRAMQDIC,14.46217737476746,2020-07-09
38,Metal,LTDPVCFQNI,23.512977936962997,2020-07-01
39,Paper/Cardboard,MWVEVZEDJV,28.638961300302398,2020-07-09
40,Wood,MDJNEOBGDG,27.219515229204873,2020-07-02
41,Glass Bottles/Containers,XWCBTJLLZQ,16.79102200936586,2020-07-05
42,E-waste,CRBJNPNUJR,28.48439303379756,2020-07-08
43,E-waste,HTIJNUATLB,24.125794385539056,2020-07-03
44,Compost,EIMHZIKASB,15.377426504590712,2020-07-05
45,Paper/Cardboard,NCQPCUNQQI,17.422486023228736,2020-07-07
46,Plastic Wrap,CBSHOKXRDI,22.728328292805646,2020-07-04
47,Wood,XBWREXKQWU,41.417106828944455,2020-07-05
48,Plastic Bottles/Containers,EIMHZIKASB,8.930756356877385,2020-07-08
49,E-waste,GVQHZHXVXE,18.055494105982056,2020-07-05
50,Wood,JXGLTRJZCA,19.996905641307592,2020-07-06
51,Compost,CWBDTFNHFE,22.84695751429512,2020-07-03
52,Compost,GNABLWCDGP,10.752267375854228,2020-07-01
53,Paper/Cardboard,ENRKNPOKXG,11.348694520818254,2020-07-02
54,Aluminum Cans/Containers,UPTFYLULTD,42.188038056211624,2020-07-02
55,Plastic Bottles/Containers,ZUWRKLPKPW,34.767037361376936,2020-07-07
56,Paper/Cardboard,QTSLWDPPRS,29.28687486795702,2020-07-03
57,Metal,XBWREXKQWU,31.430215316353635,2020-07-06
58,Glass Bottles/Containers,SQQWXLMFUB,13.599653713270135,2020-07-06
59,Glass Bottles/Containers,RVVNAXUGEY,28.80232377285519,2020-07-08
60,Compost,PIXLGIKMPT,27.380257450981496,2020-07-04
61,Metal,LPGDKZKJXI,39.09436357398191,2020-07-04
62,Aluminum Cans/Containers,MDJNEOBGDG,27.46731962813802,2020-07-02
63,Plastic Bottles/Containers,MWVEVZEDJV,22.771662006390876,2020-07-05
64,Landfill,ATVWLGGNJY,39.32145729515109,2020-07-04
65,Plastic Wrap,THFMVWFCHT,4.1860916714569605,2020-07-09
66,E-waste,JIGKSLXYYY,13.197835110234422,2020-07-03
67,Compost,JENKRWQJKZ,20.435809043377134,2020-07-06
68,Paper/Cardboard,MDJNEOBGDG,34.97556856388552,2020-07-05
69,Paper/Cardboard,GDGWSGRJOW,19.54375076258726,2020-07-05
70,E-waste,GNABLWCDGP,34.45612384416678,2020-07-08
71,Glass Bottles/Containers,WMHIUJBJIB,9.39329435043226,2020-07-09
72,Landfill,JNMANIGDSK,32.72287325220043,2020-07-05
73,Plastic Bottles/Containers,ATNSADZAWQ,17.062308648356236,2020-07-08
74,Landfill,TQHYHXKWVF,17.7029427854903,2020-07-07
75,Compost,QBZVPCBGRU,35.80435211879785,2020-07-02
76,Plastic Wrap,ENRKNPOKXG,16.623219526564988,2020-07-01
77,Glass Bottles/Containers,ZUWRKLPKPW,20.3177137792444,2020-07-09
78,Paper/Cardboard,AARQTPCRVI,25.854465362837026,2020-07-04
79,Wood,ZJHQMKCHKQ,34.581961673303795,2020-07-04
80,Paper/Cardboard,MDJNEOBGDG,21.639965755034478,2020-07-01
81,Aluminum Cans/Containers,ENRKNPOKXG,27.307832053119444,2020-07-06
82,Glass Bottles/Containers,NRWMDAJURW,8.494857645114323,2020-07-09
83,Paper/Cardboard,SQQWXLMFUB,25.31441454479874,2020-07-09
84,Plastic Bottles/Containers,DOGXMPEXKM,13.66818930688617,2020-07-02
85,Wood,DOGXMPEXKM,27.977979660891503,2020-07-09
86,Plastic Wrap,INMQFQEDWG,20.101325603694782,2020-07-07
87,Aluminum Cans/Containers,GGDYAKXSTC,18.160260848248495,2020-07-08
88,Wood,MYDWXDDXJE,32.80158869719542,2020-07-02
89,Plastic Wrap,MWVEVZEDJV,38.90536367809931,2020-07-06
90,Aluminum Cans/Containers,IGKVAXFJBI,12.04088672936791,2020-07-06
91,Wood,GEYGXNPXZR,22.67258851811457,2020-07-07
92,Plastic Wrap,FHBTLVLVMB,37.10874767263679,2020-07-06
93,Compost,TZQOOSTJQZ,9.11009288875727,2020-07-01
94,Metal,EQYMAOXRRK,21.90978959486212,2020-07-01
95,Plastic Wrap,TZQOOSTJQZ,27.26800285702156,2020-07-09
96,Paper/Cardboard,LPGDKZKJXI,24.26201579513218,2020-07-02
97,Glass Bottles/Containers,RLHRAMQDIC,18.087151559221905,2020-07-01
98,Paper/Cardboard,THFMVWFCHT,15.072760958286754,2020-07-06
99,Metal,GNTEMZFBQC,3.4385377187255948,2020-07-03
100,Plastic Wrap,EQYMAOXRRK,37.958735817726996,2020-07-05
101,Aluminum Cans/Containers,NMEETTHCYX,24.453325527997368,2020-07-07
102,Metal,NUYZHPCPCS,18.99559215218993,2020-07-08
103,Plastic Bottles/Containers,QMRJCZUNDS,20.285539684333784,2020-07-07
104,Metal,INMQFQEDWG,5.483918723805704,2020-07-09
105,Aluminum Cans/Containers,NRWMDAJURW,31.198492615122838,2020-07-05
106,Compost,QBZVPCBGRU,36.553935192742934,2020-07-01
107,Glass Bottles/Containers,ZDKYPCYEEE,34.06909541730005,2020-07-03
108,Glass Bottles/Containers,LTXSURTVZB,30.313789514176285,2020-07-04
109,Wood,UBUQZDCTSZ,31.061168459891014,2020-07-02
110,E-waste,DOTPWZZIXP,16.994149051676022,2020-07-03
111,Paper/Cardboard,KTICIWRIFV,15.179763808670746,2020-07-08
112,Compost,YYMIJJBEEH,32.62375400011513,2020-07-03
113,Aluminum Cans/Containers,WMHIUJBJIB,34.013365920863585,2020-07-03
114,Aluminum Cans/Containers,HXCDLPMPYY,28.13820668566029,2020-07-09
115,Wood,DABVQSBGMM,11.27708964854371,2020-07-09
116,Aluminum Cans/Containers,WWWCWMAWQJ,41.23346264176705,2020-07-02
117,Glass Bottles/Containers,ATVWLGGNJY,18.263845987950845,2020-07-01
118,Wood,GGDYAKXSTC,37.48267831512493,2020-07-06
119,E-waste,DOGXMPEXKM,14.32096188087366,2020-07-09
120,Plastic Bottles/Containers,YOJFDCPUDY,20.24812489331203,2020-07-09
121,Wood,JNMANIGDSK,3.0929999237339203,2020-07-02
122,Plastic Bottles/Containers,HXCDLPMPYY,27.660292863542097,2020-07-08
123,Paper/Cardboard,CBSHOKXRDI,31.958207821128834,2020-07-02
124,Paper/Cardboard,WVHUARAZVP,35.22526168728568,2020-07-07
125,Glass Bottles/Containers,DABVQSBGMM,28.899039056070826,2020-07-04
126,E-waste,GNTEMZFBQC,37.05093637284915,2020-07-04
127,Wood,NDVJAZWJHI,35.94707284748662,2020-07-03
128,Glass Bottles/Containers,WRCQEZUHHB,26.109833402335,2020-07-07
129,Plastic Wrap,GNTEMZFBQC,18.5774524316328,2020-07-05
130,Plastic Bottles/Containers,WVHUARAZVP,25.11065023289374,2020-07-08
131,Compost,KHYGWAOEFL,48.501788339385044,2020-07-02
132,Wood,ITYFCQRMIL,44.95542909356923,2020-07-05
133,Glass Bottles/Containers,ZUWRKLPKPW,32.790298597274074,2020-07-05
134,Glass Bottles/Containers,JIGKSLXYYY,28.83953008992507,2020-07-03
135,Metal,TYTJRJQAAR,22.404927913052813,2020-07-05
136,Plastic Wrap,QTSLWDPPRS,3.065006312227908,2020-07-05
137,Plastic Bottles/Containers,RVVNAXUGEY,27.32653062764228,2020-07-02
138,Aluminum Cans/Containers,CRBJNPNUJR,15.432833697228691,2020-07-03
139,Wood,WVDVOZHKPI,8.083016924515356,2020-07-04
140,Aluminum Cans/Containers,AKYZQSEAMU,21.06892845068523,2020-07-05
141,Landfill,RLHRAMQDIC,27.552154793522902,2020-07-01
142,Landfill,NUYZHPCPCS,34.33239765692287,2020-07-09
143,E-waste,JIGKSLXYYY,31.560482460362987,2020-07-02
144,Glass Bottles/Containers,EQYMAOXRRK,25.83578983937936,2020-07-06
145,Landfill,ELFLALDYYS,25.419928181069928,2020-07-08
146,Wood,IGKVAXFJBI,31.28585046875919,2020-07-06
147,Wood,BWJMVQOBBC,35.01663555861118,2020-07-05
148,Metal,ERGQZAGVLM,19.353033149366258,2020-07-09
149,Aluminum Cans/Containers,JFAKTRFCLX,10.149327702163824,2020-07-07
150,E-waste,WMHIUJBJIB,13.46863558210636,2020-07-05
151,Compost,JIGKSLXYYY,44.55614935947659,2020-07-02
152,Metal,LPGDKZKJXI,34.23382792751026,2020-07-07
153,E-waste,HXCDLPMPYY,36.86143437022367,2020-07-08
154,Plastic Wrap,GEYGXNPXZR,23.95106639892917,2020-07-03
155,Metal,FGXMDSTOEN,16.18848445315848,2020-07-02
156,Wood,WVDVOZHKPI,29.63120011146296,2020-07-03
157,Glass Bottles/Containers,IXLWYYNAZL,16.982110296741673,2020-07-08
158,Paper/Cardboard,CBSHOKXRDI,30.334876321216335,2020-07-08
159,Metal,WWWCWMAWQJ,20.133980214046375,2020-07-03
160,Aluminum Cans/Containers,NUYZHPCPCS,22.426485955486374,2020-07-05
161,Aluminum Cans/Containers,NCQPCUNQQI,27.13301797274859,2020-07-07
162,Aluminum Cans/Containers,LTXSURTVZB,27.784335904154,2020-07-08
163,Glass Bottles/Containers,TYTJRJQAAR,25.441734816911307,2020-07-06
164,E-waste,TZQOOSTJQZ,21.965974789081756,2020-07-07
165,Plastic Wrap,YOJFDCPUDY,15.89508545325675,2020-07-04
166,Metal,YZACLWOQJU,16.458396584066545,2020-07-04
167,Compost,HNPRHPSOTX,23.452650150348067,2020-07-07
168,Wood,DOTPWZZIXP,22.91811550105774,2020-07-03
169,Landfill,ZUWRKLPKPW,17.168472865301805,2020-07-02
170,E-waste,ZDKYPCYEEE,4.366485627377511,2020-07-09
171,Compost,IGKVAXFJBI,35.58830233848232,2020-07-02
172,Aluminum Cans/Containers,VINXPGNIYT,28.052431752345786,2020-07-03
173,Plastic Bottles/Containers,PCQFMRBYSX,31.009378219554012,2020-07-03
174,Paper/Cardboard,LTXSURTVZB,23.393298772096117,2020-07-02
175,Glass Bottles/Containers,FHBTLVLVMB,12.877748719696259,2020-07-04
176,Paper/Cardboard,EQYMAOXRRK,22.41848561330712,2020-07-07
177,Plastic Wrap,EQYMAOXRRK,33.79446771400444,2020-07-01
178,E-waste,HTQTNWHJKA,32.10120848382943,2020-07-08
179,E-waste,ZUWRKLPKPW,28.691868174841318,2020-07-08
180,Landfill,EYRERRERKH,28.836652151548947,2020-07-07
181,Wood,KHYGWAOEFL,36.36054833456852,2020-07-05
182,Compost,WMHIUJBJIB,30.497364982563965,2020-07-02
183,Plastic Bottles/Containers,XXCCHSYREE,34.13199662677592,2020-07-02
184,E-waste,ALXBBZTWXS,33.089176765037045,2020-07-08
185,Compost,GNTEMZFBQC,27.22481438117682,2020-07-04
186,E-waste,KTICIWRIFV,43.421278065661795,2020-07-08
187,Glass Bottles/Containers,WPTNPLNQLH,26.590691378814086,2020-07-07
188,Metal,AFLUQPYTDT,17.149479712147112,2020-07-01
189,Paper/Cardboard,XVLEQPNUAJ,29.242834950679615,2020-07-07
190,Aluminum Cans/Containers,UBUQZDCTSZ,34.3299338852722,2020-07-01
191,Compost,GEYGXNPXZR,8.096213479540456,2020-07-07
192,Metal,GGDYAKXSTC,25.72089053531697,2020-07-01
193,Aluminum Cans/Containers,QCJFTZMPZS,21.433362015742315,2020-07-07
194,Compost,XBWREXKQWU,24.37884567587969,2020-07-03
195,Plastic Wrap,JDFUCVXZRZ,1.7970294450933544,2020-07-08
196,Compost,VKUTIXXQVV,23.562715783314076,2020-07-05
197,Plastic Bottles/Containers,UBUQZDCTSZ,10.091361341514629,2020-07-05
198,Metal,MWVEVZEDJV,9.498449470392847,2020-07-08
199,Paper/Cardboard,AKYZQSEAMU,21.842677625488857,2020-07-01
200,Plastic Bottles/Containers,PIXLGIKMPT,17.574172569825585,2020-07-05
201,Paper/Cardboard,INMQFQEDWG,16.912445601712406,2020-07-02
202,Landfill,THFMVWFCHT,23.026670225589147,2020-07-08
203,Compost,MTKTBPDFSM,27.29453451227782,2020-07-04
204,Plastic Bottles/Containers,IGKVAXFJBI,14.934172431611056,2020-07-06
205,Paper/Cardboard,CDKURGWJJO,12.486542818105404,2020-07-05
206,E-waste,TQHYHXKWVF,10.040076715720346,2020-07-08
207,Compost,VCRFPAYBMI,21.546427335282104,2020-07-09
208,Metal,HXCDLPMPYY,18.151666390402564,2020-07-06
209,Plastic Wrap,VCRFPAYBMI,33.62264373284461,2020-07-09
210,Compost,HTQTNWHJKA,22.82405764044884,2020-07-03
211,Glass Bottles/Containers,NDVJAZWJHI,27.128345447139424,2020-07-06
212,Landfill,ALXBBZTWXS,15.066350175718249,2020-07-07
213,Plastic Bottles/Containers,LTDPVCFQNI,19.635835396632803,2020-07-02
214,Aluminum Cans/Containers,BWJMVQOBBC,10.624578204999018,2020-07-03
215,Aluminum Cans/Containers,WMHIUJBJIB,42.7010628461162,2020-07-09
216,Plastic Bottles/Containers,WPTNPLNQLH,37.21621237780432,2020-07-08
217,Paper/Cardboard,YZACLWOQJU,34.3015289978667,2020-07-02
218,Paper/Cardboard,JNMANIGDSK,29.798700277074907,2020-07-06
219,Metal,HXCDLPMPYY,21.221037962293703,2020-07-03
220,Compost,FIZVGPBYCK,20.16163883827193,2020-07-06
221,Landfill,YYMIJJBEEH,24.479119142128138,2020-07-01
222,Landfill,SOLXOMHHRU,39.31369185527744,2020-07-08
223,Wood,JNTXZJDJDZ,21.54617830390182,2020-07-04
224,Wood,TQHYHXKWVF,11.557450564772726,2020-07-08
225,Plastic Wrap,GGDYAKXSTC,21.45502196253069,2020-07-04
226,Paper/Cardboard,JFAKTRFCLX,27.754962038144406,2020-07-09
227,Wood,JNTXZJDJDZ,14.554800888979017,2020-07-09
228,Wood,WVHUARAZVP,26.750230263245548,2020-07-08
229,Glass Bottles/Containers,HXCDLPMPYY,34.11698998823633,2020-07-08
230,Paper/Cardboard,WVHUARAZVP,13.7933235718255,2020-07-03
231,Glass Bottles/Containers,WPTNPLNQLH,35.990018987134874,2020-07-07
232,Paper/Cardboard,GEYGXNPXZR,30.03107454101979,2020-07-08
233,Plastic Wrap,XWCBTJLLZQ,29.589945223194242,2020-07-08
234,Landfill,ELFLALDYYS,10.662735287973973,2020-07-05
235,Plastic Wrap,MTKTBPDFSM,18.482741238116013,2020-07-09
236,Metal,NCQPCUNQQI,37.482955663200215,2020-07-09
237,Plastic Bottles/Containers,QBZVPCBGRU,12.362141735197929,2020-07-06
238,Wood,JNMANIGDSK,11.052258383436808,2020-07-04
239,Aluminum Cans/Containers,TQHYHXKWVF,22.797195787022137,2020-07-09
240,Aluminum Cans/Containers,MDJNEOBGDG,29.167435860593944,2020-07-03
241,E-waste,ZPLQFCYGNH,14.991044941103972,2020-07-09
242,Plastic Bottles/Containers,UPTFYLULTD,15.400204173546484,2020-07-09
243,Paper/Cardboard,YOJFDCPUDY,11.41395116257809,2020-07-04
244,Plastic Bottles/Containers,GEYGXNPXZR,32.91180546667321,2020-07-04
245,Wood,EQYMAOXRRK,37.296279299065034,2020-07-03
246,Compost,GVQHZHXVXE,14.777118300461067,2020-07-04
247,Landfill,QCJFTZMPZS,32.903414462844445,2020-07-05
248,Paper/Cardboard,JNMANIGDSK,5.901811911589171,2020-07-03
249,Glass Bottles/Containers,SQQWXLMFUB,26.587904522984545,2020-07-08
250,Landfill,AARQTPCRVI,15.156544903937835,2020-07-01
251,Plastic Wrap,ELFLALDYYS,36.97937656640815,2020-07-09
252,Plastic Wrap,FGXMDSTOEN,19.950278588744354,2020-07-03
253,Plastic Wrap,XBWREXKQWU,17.858969305409683,2020-07-07
254,Paper/Cardboard,WMHIUJBJIB,10.958928268584948,2020-07-06
255,Landfill,GDGWSGRJOW,14.613731111655632,2020-07-01
256,Wood,THFMVWFCHT,28.534242840920342,2020-07-03
257,Aluminum Cans/Containers,ZUWRKLPKPW,24.95381165347087,2020-07-03
258,Aluminum Cans/Containers,JNMANIGDSK,24.937173765358455,2020-07-09
259,Plastic Bottles/Containers,JENKRWQJKZ,20.23779657596741,2020-07-09
260,E-waste,WPTNPLNQLH,39.47178607316108,2020-07-01
261,Glass Bottles/Containers,YQLTMUTUJY,17.378708618825573,2020-07-01
262,Plastic Wrap,UPTFYLULTD,23.063236296492697,2020-07-06
263,Glass Bottles/Containers,XWCBTJLLZQ,39.66076147988996,2020-07-03
264,Landfill,WPTNPLNQLH,19.646351400040132,2020-07-08
265,Wood,VKUTIXXQVV,19.1278135206602,2020-07-08
266,Aluminum Cans/Containers,PIXLGIKMPT,5.59326242125708,2020-07-08
267,Aluminum Cans/Containers,EQYMAOXRRK,25.76778222288614,2020-07-02
268,Aluminum Cans/Containers,DOGXMPEXKM,19.831810907328595,2020-07-04
269,Compost,TZQOOSTJQZ,31.03011369502493,2020-07-09
270,Wood,QTSLWDPPRS,25.794347897925924,2020-07-04
271,Plastic Wrap,AINWIAYDQU,47.96945036600805,2020-07-05
272,Aluminum Cans/Containers,GDGWSGRJOW,26.74109550349578,2020-07-07
273,Wood,AINWIAYDQU,24.114012309822474,2020-07-03
274,Wood,PCQFMRBYSX,12.316288562526301,2020-07-01
275,Plastic Wrap,RLHRAMQDIC,30.32022655174074,2020-07-01
276,Glass Bottles/Containers,EQYMAOXRRK,29.4045823519967,2020-07-09
277,Aluminum Cans/Containers,GDGWSGRJOW,19.849064808082666,2020-07-01
278,Plastic Wrap,QBZVPCBGRU,32.59246233681654,2020-07-04
279,Plastic Bottles/Containers,ALXBBZTWXS,27.432226437237567,2020-07-05
280,Metal,CDKURGWJJO,33.410867642776495,2020-07-02
281,Metal,ZJHQMKCHKQ,29.612416561460932,2020-07-03
282,Glass Bottles/Containers,JFAKTRFCLX,7.947843708697253,2020-07-08
283,Plastic Bottles/Containers,LTXSURTVZB,29.83589273923235,2020-07-04
284,Plastic Wrap,YOJFDCPUDY,1.9259826989370197,2020-07-04
285,Plastic Bottles/Containers,UBUQZDCTSZ,34.438066051797364,2020-07-09
286,Plastic Wrap,LTDPVCFQNI,25.813553878208076,2020-07-05
287,Paper/Cardboard,XVLEQPNUAJ,10.665237467114713,2020-07-09
288,Aluminum Cans/Containers,INMQFQEDWG,33.063769973059394,2020-07-08
289,Paper/Cardboard,QMRJCZUNDS,13.779623176483877,2020-07-05
290,Wood,IXLWYYNAZL,20.175387576467298,2020-07-03
291,Aluminum Cans/Containers,MYDWXDDXJE,28.72250508801157,2020-07-02
292,E-waste,UPTFYLULTD,32.49950811142287,2020-07-03
293,Glass Bottles/Containers,XWCBTJLLZQ,28.529115809426465,2020-07-01
294,Plastic Wrap,QBZVPCBGRU,24.45031354886876,2020-07-03
295,E-waste,YQLTMUTUJY,26.997602258296958,2020-07-08
296,Wood,QTSLWDPPRS,21.60469281306526,2020-07-05
297,Aluminum Cans/Containers,WPVWUMKPUJ,20.461334620020278,2020-07-01
298,Compost,QTSLWDPPRS,15.701231367071735,2020-07-05
299,Landfill,WVDVOZHKPI,26.467227005416422,2020-07-08
300,Paper/Cardboard,WMHIUJBJIB,45.1816071847141,2020-07-07
301,Aluminum Cans/Containers,DABVQSBGMM,16.9909447969172,2020-07-07
302,Glass Bottles/Containers,AARQTPCRVI,13.255508272377256,2020-07-05
303,Paper/Cardboard,XXCCHSYREE,32.2620403669401,2020-07-04
304,Plastic Wrap,LTXSURTVZB,26.383054624300527,2020-07-01
305,E-waste,ENRKNPOKXG,29.344778113803923,2020-07-06
306,Glass Bottles/Containers,GNTEMZFBQC,20.986889053836567,2020-07-08
307,Wood,WPVWUMKPUJ,22.06163005172946,2020-07-07
308,Wood,ATNSADZAWQ,14.757506147850982,2020-07-06
309,Paper/Cardboard,DABVQSBGMM,31.374639200688588,2020-07-01
310,E-waste,NUYZHPCPCS,41.42231413926868,2020-07-09
311,Paper/Cardboard,ITYFCQRMIL,10.863088196048455,2020-07-05
312,Wood,GNTEMZFBQC,29.84752430239708,2020-07-01
313,Glass Bottles/Containers,YYMIJJBEEH,15.505478396128435,2020-07-04
314,Compost,ZDKYPCYEEE,34.75214480462602,2020-07-07
315,Plastic Bottles/Containers,WRCQEZUHHB,33.26104137362492,2020-07-03
316,Aluminum Cans/Containers,WPSVWSBVNK,27.691520621883942,2020-07-04
317,Landfill,AFLUQPYTDT,23.864997458006865,2020-07-09
318,Metal,GVQHZHXVXE,25.151865864673223,2020-07-02
319,Plastic Wrap,XWCBTJLLZQ,29.39980317086605,2020-07-04
320,Plastic Bottles/Containers,JNTXZJDJDZ,10.503695325560031,2020-07-07
321,Metal,VKUTIXXQVV,16.67108337520515,2020-07-02
322,Compost,MWVEVZEDJV,21.335107585372846,2020-07-06
323,E-waste,GNTEMZFBQC,33.85034841196901,2020-07-07
324,Landfill,RVVNAXUGEY,0.6714549238423189,2020-07-05
325,Plastic Wrap,ALXBBZTWXS,23.324696755272676,2020-07-07
326,Paper/Cardboard,INQOCSQNYR,41.21533686706782,2020-07-07
327,Wood,SQQWXLMFUB,47.310841232425325,2020-07-04
328,E-waste,JDFUCVXZRZ,19.60367218297239,2020-07-07
329,Compost,VCRFPAYBMI,37.787018881392434,2020-07-03
330,Plastic Wrap,TQHYHXKWVF,18.852419856216898,2020-07-03
331,Plastic Bottles/Containers,GGDYAKXSTC,8.426468382431931,2020-07-05
332,E-waste,GNTEMZFBQC,18.424971900527183,2020-07-01
333,E-waste,CWBDTFNHFE,22.61328770571591,2020-07-08
334,Glass Bottles/Containers,LTXSURTVZB,38.332378513790076,2020-07-04
335,E-waste,MTKTBPDFSM,8.532778665002333,2020-07-04
336,Compost,TQHYHXKWVF,8.756184814807458,2020-07-08
337,E-waste,KCFZWLLJOY,36.65774432605584,2020-07-03
338,Glass Bottles/Containers,XWCBTJLLZQ,21.058053925529578,2020-07-06
339,Aluminum Cans/Containers,XXCCHSYREE,22.548920334488926,2020-07-01
340,Compost,WPSVWSBVNK,25.793221947069533,2020-07-02
341,Wood,ZUWRKLPKPW,17.717061695962244,2020-07-04
342,Landfill,YZACLWOQJU,36.79484990265156,2020-07-06
343,Landfill,TQHYHXKWVF,32.52789696770045,2020-07-04
344,Plastic Bottles/Containers,QCJFTZMPZS,40.16165521042673,2020-07-03
345,Glass Bottles/Containers,GEYGXNPXZR,43.310832141941276,2020-07-04
346,Landfill,HNPRHPSOTX,10.237836911871984,2020-07-01
347,Paper/Cardboard,KTICIWRIFV,18.862133413433877,2020-07-02
348,Wood,JIGKSLXYYY,14.134112202972046,2020-07-05
349,Paper/Cardboard,EYRERRERKH,25.27291358447903,2020-07-09
350,Landfill,XWCBTJLLZQ,18.4820319789471,2020-07-06
351,Glass Bottles/Containers,WPSVWSBVNK,30.040289899823698,2020-07-06
352,E-waste,ENRKNPOKXG,30.795535405133148,2020-07-01
353,Aluminum Cans/Containers,THFMVWFCHT,39.26963612911908,2020-07-02
354,Landfill,JIGKSLXYYY,15.069710297953584,2020-07-06
355,Landfill,ERGQZAGVLM,25.43736317291962,2020-07-01
356,Compost,QTSLWDPPRS,31.335130200277188,2020-07-01
357,Plastic Bottles/Containers,QTSLWDPPRS,24.396817520697166,2020-07-06
358,Metal,WWWCWMAWQJ,23.337020150009344,2020-07-06
359,Plastic Wrap,GEYGXNPXZR,17.877949860699918,2020-07-06
360,Wood,ERGQZAGVLM,27.116595729635282,2020-07-08
361,Metal,QBZVPCBGRU,14.942326714395831,2020-07-08
362,Plastic Bottles/Containers,JIGKSLXYYY,23.29301485052924,2020-07-02
363,Plastic Bottles/Containers,VINXPGNIYT,15.628727502572715,2020-07-06
364,Aluminum Cans/Containers,HTQTNWHJKA,26.780213615688993,2020-07-06
365,E-waste,KCFZWLLJOY,29.288403406725486,2020-07-03
366,E-waste,INQOCSQNYR,12.591644437416376,2020-07-07
367,Metal,FHBTLVLVMB,10.287251299374656,2020-07-01
368,Compost,IGKVAXFJBI,36.13501910013266,2020-07-04
369,Plastic Bottles/Containers,HNPRHPSOTX,37.348959024023486,2020-07-03
370,Aluminum Cans/Containers,INQOCSQNYR,18.493948777825935,2020-07-01
371,Compost,IGKVAXFJBI,17.104854964907545,2020-07-08
372,Glass Bottles/Containers,WPVWUMKPUJ,28.065632427678437,2020-07-06
373,Paper/Cardboard,QBZVPCBGRU,18.406616186539814,2020-07-02
374,Plastic Wrap,WPSVWSBVNK,36.632897346087994,2020-07-05
375,Landfill,YOJFDCPUDY,25.986961638314437,2020-07-03
376,Glass Bottles/Containers,XBWREXKQWU,12.88310425379662,2020-07-07
377,Plastic Bottles/Containers,VINXPGNIYT,20.43829849578446,2020-07-06
378,Compost,LPGDKZKJXI,31.305338078265017,2020-07-06
379,Glass Bottles/Containers,ENRKNPOKXG,27.43226291744485,2020-07-05
380,Landfill,KCFZWLLJOY,24.907452821860538,2020-07-04
381,Wood,WPTNPLNQLH,25.286780196677274,2020-07-03
382,Wood,LTXSURTVZB,20.138040687836746,2020-07-09
383,Plastic Wrap,MWVEVZEDJV,27.453292911728337,2020-07-04
384,Metal,ENRKNPOKXG,26.31676265386584,2020-07-09
385,E-waste,QMRJCZUNDS,17.46911101763337,2020-07-09
386,E-waste,ATVWLGGNJY,26.25135918823868,2020-07-03
387,E-waste,ZUWRKLPKPW,14.580846614879945,2020-07-06
388,Paper/Cardboard,GGDYAKXSTC,19.25643357074014,2020-07-07
389,Metal,NDVJAZWJHI,10.185711993414825,2020-07-04
390,Plastic Bottles/Containers,XVLEQPNUAJ,38.08151562256708,2020-07-01
391,Landfill,HXCDLPMPYY,26.61549809895443,2020-07-06
392,Aluminum Cans/Containers,ZJHQMKCHKQ,32.436127071481046,2020-07-05
393,Glass Bottles/Containers,PCQFMRBYSX,23.291659662452357,2020-07-02
394,Paper/Cardboard,HTQTNWHJKA,22.770762579877278,2020-07-02
395,Metal,NCQPCUNQQI,41.65261214764508,2020-07-08
396,Landfill,EIMHZIKASB,23.552478755389018,2020-07-06
397,Glass Bottles/Containers,DOGXMPEXKM,13.470359977332329,2020-07-02
398,Paper/Cardboard,ZJHQMKCHKQ,28.193492320471666,2020-07-07
399,Aluminum Cans/Containers,WPSVWSBVNK,38.82458183134511,2020-07-02
400,Plastic Wrap,MDJNEOBGDG,37.27045170847552,2020-07-05
401,Plastic Wrap,YZACLWOQJU,23.379709990710463,2020-07-06
402,Landfill,NRWMDAJURW,27.610574993955012,2020-07-07
403,Metal,VCRFPAYBMI,14.717829700193652,2020-07-07
404,Paper/Cardboard,GEYGXNPXZR,33.74711875367563,2020-07-05
405,Glass Bottles/Containers,LPGDKZKJXI,4.372014379275541,2020-07-08
406,Plastic Wrap,IGKVAXFJBI,24.690190701062118,2020-07-04
407,Compost,XBWREXKQWU,13.775198791260612,2020-07-06
408,Plastic Wrap,JXGLTRJZCA,21.24534096969743,2020-07-08
409,Paper/Cardboard,ZJHQMKCHKQ,11.3445854695521,2020-07-04
410,Wood,YQLTMUTUJY,26.888570697123004,2020-07-05
411,Paper/Cardboard,ELFLALDYYS,34.744317297287864,2020-07-04
412,Paper/Cardboard,ITYFCQRMIL,25.721797938350747,2020-07-07
413,Plastic Wrap,FGXMDSTOEN,15.565594935198892,2020-07-01
414,Plastic Bottles/Containers,XVLEQPNUAJ,14.690748815892746,2020-07-02
415,Paper/Cardboard,ELFLALDYYS,18.259775785213783,2020-07-02
416,Glass Bottles/Containers,WPSVWSBVNK,29.958698626015472,2020-07-07
417,Plastic Bottles/Containers,ERGQZAGVLM,49.056800033311916,2020-07-07
418,Aluminum Cans/Containers,EYRERRERKH,10.552355853157254,2020-07-03
419,Metal,ITYFCQRMIL,25.199080770446272,2020-07-08
420,Aluminum Cans/Containers,XBWREXKQWU,34.86641224889796,2020-07-02
421,Compost,TYTJRJQAAR,27.284538190398273,2020-07-09
422,Wood,JENKRWQJKZ,14.931589534133922,2020-07-08
423,Glass Bottles/Containers,LTDPVCFQNI,19.72884768666921,2020-07-02
424,Glass Bottles/Containers,YQLTMUTUJY,23.06137498277753,2020-07-01
425,Compost,GEYGXNPXZR,27.30585846217512,2020-07-06
426,Compost,CWBDTFNHFE,23.064406424600104,2020-07-07
427,Glass Bottles/Containers,ZUWRKLPKPW,35.27478277642918,2020-07-01
428,Aluminum Cans/Containers,YOJFDCPUDY,35.10588169334167,2020-07-01
429,Aluminum Cans/Containers,GNABLWCDGP,19.617342162596795,2020-07-03
430,Plastic Wrap,THFMVWFCHT,29.231150697587665,2020-07-07
431,Aluminum Cans/Containers,JXGLTRJZCA,20.721631748165443,2020-07-06
432,Compost,DABVQSBGMM,34.75006251663725,2020-07-05
433,Aluminum Cans/Containers,BWJMVQOBBC,13.540484944399031,2020-07-04
434,Metal,RLHRAMQDIC,27.00215521565174,2020-07-02
435,E-waste,BWJMVQOBBC,20.509051553646543,2020-07-02
436,Plastic Bottles/Containers,PIXLGIKMPT,27.13336789791199,2020-07-01
437,E-waste,MTKTBPDFSM,20.734916053854477,2020-07-01
438,Wood,GDGWSGRJOW,12.391156448458236,2020-07-05
439,Landfill,EYRERRERKH,40.58719066909898,2020-07-07
440,Wood,VKUTIXXQVV,22.721474665854913,2020-07-05
441,Plastic Bottles/Containers,ELFLALDYYS,23.043889736024678,2020-07-07
442,Plastic Wrap,TQHYHXKWVF,29.948879912373265,2020-07-07
443,Wood,JENKRWQJKZ,26.989307410013947,2020-07-06
444,Plastic Wrap,ATNSADZAWQ,31.785922552184605,2020-07-08
445,Metal,JXGLTRJZCA,35.36768241007371,2020-07-09
446,Metal,FHBTLVLVMB,16.805188605275514,2020-07-07
447,Metal,JNMANIGDSK,22.250603733291754,2020-07-09
448,Glass Bottles/Containers,UBUQZDCTSZ,6.763298451305751,2020-07-04
449,Compost,ERGQZAGVLM,28.66256380278964,2020-07-03
450,Metal,WVDVOZHKPI,9.767697724274942,2020-07-02
451,Wood,FHBTLVLVMB,28.6674126767581,2020-07-08
452,Paper/Cardboard,QMRJCZUNDS,24.21028827144548,2020-07-01
453,Plastic Wrap,XVLEQPNUAJ,27.377480789013692,2020-07-08
454,Plastic Wrap,SOLXOMHHRU,22.731201698603304,2020-07-07
455,Paper/Cardboard,JIGKSLXYYY,11.197732616219787,2020-07-08
456,Aluminum Cans/Containers,GNABLWCDGP,22.139845227254476,2020-07-05
457,Aluminum Cans/Containers,ENRKNPOKXG,26.02276688954431,2020-07-02
458,Paper/Cardboard,YOJFDCPUDY,15.78344022259368,2020-07-08
459,Aluminum Cans/Containers,ZPLQFCYGNH,15.404324716811892,2020-07-07
460,Compost,CDKURGWJJO,32.80416253212908,2020-07-06
461,E-waste,EYRERRERKH,33.80503738934153,2020-07-05
462,Metal,GVQHZHXVXE,21.62062028347091,2020-07-07
463,Compost,QBZVPCBGRU,40.628251524690825,2020-07-02
464,Paper/Cardboard,JNTXZJDJDZ,22.292334958014333,2020-07-07
465,Glass Bottles/Containers,XBWREXKQWU,28.308996214145452,2020-07-02
466,Plastic Bottles/Containers,RLHRAMQDIC,33.762654558930286,2020-07-04
467,Compost,KHYGWAOEFL,18.52093351368345,2020-07-03
468,Wood,GEYGXNPXZR,30.894106180009818,2020-07-02
469,Wood,THFMVWFCHT,13.510800060877784,2020-07-05
470,E-waste,QTSLWDPPRS,44.65524086151261,2020-07-09
471,Compost,ERGQZAGVLM,29.95705623827981,2020-07-02
472,Wood,BWJMVQOBBC,22.41829800576649,2020-07-02
473,Aluminum Cans/Containers,AKYZQSEAMU,40.072428378143634,2020-07-07
474,Paper/Cardboard,YZACLWOQJU,23.986816589197517,2020-07-05
475,Compost,SQQWXLMFUB,10.50124350729651,2020-07-09
476,Metal,WPTNPLNQLH,24.70458087283934,2020-07-04
477,Glass Bottles/Containers,QMRJCZUNDS,29.16847450596306,2020-07-06
478,Metal,ALXBBZTWXS,32.90677930147423,2020-07-09
479,Compost,ZJHQMKCHKQ,24.805890063692182,2020-07-02
480,Plastic Wrap,MYDWXDDXJE,6.189936984473196,2020-07-01
481,Metal,TZQOOSTJQZ,35.263956483567455,2020-07-06
482,Plastic Wrap,JXGLTRJZCA,38.07329012715505,2020-07-03
483,Plastic Wrap,GDGWSGRJOW,17.412095280729943,2020-07-05
484,Glass Bottles/Containers,HXCDLPMPYY,26.480864102083654,2020-07-01
485,Paper/Cardboard,JFAKTRFCLX,31.154942445565098,2020-07-09
486,Plastic Wrap,BWJMVQOBBC,37.00287661913694,2020-07-04
487,Plastic Bottles/Containers,PIXLGIKMPT,24.027088105969625,2020-07-08
488,Glass Bottles/Containers,SQQWXLMFUB,21.583425782120933,2020-07-01
489,E-waste,JDFUCVXZRZ,24.656434769627673,2020-07-06
490,Metal,WWWCWMAWQJ,31.62837579341256,2020-07-05
491,Plastic Wrap,JIGKSLXYYY,29.393078230154934,2020-07-04
492,Compost,YYMIJJBEEH,23.802496265605,2020-07-02
493,Aluminum Cans/Containers,ZUWRKLPKPW,25.642545500185523,2020-07-08
494,Paper/Cardboard,KHYGWAOEFL,17.264121275258262,2020-07-08
495,Wood,HNPRHPSOTX,15.49057003008387,2020-07-01
496,Glass Bottles/Containers,KTICIWRIFV,33.6300772702981,2020-07-05
497,Aluminum Cans/Containers,FGXMDSTOEN,24.60842513266715,2020-07-05
498,Compost,CBSHOKXRDI,11.796866446201788,2020-07-01
499,Paper/Cardboard,ZPLQFCYGNH,24.6731451456184,2020-07-03
500,Wood,WWWCWMAWQJ,15.281858134007361,2020-07-01
501,Metal,KHYGWAOEFL,26.720423993060354,2020-07-02
502,Plastic Bottles/Containers,YZACLWOQJU,11.930482686802197,2020-07-02
503,Metal,DOTPWZZIXP,13.240114902999252,2020-07-07
504,Plastic Bottles/Containers,DABVQSBGMM,23.6506171762662,2020-07-07
505,Metal,GVQHZHXVXE,37.00966820505038,2020-07-02
506,Wood,FIZVGPBYCK,12.878595902918592,2020-07-07
507,Paper/Cardboard,XWCBTJLLZQ,36.26102017713125,2020-07-07
508,Paper/Cardboard,AKYZQSEAMU,15.883085236586261,2020-07-04
509,Aluminum Cans/Containers,JXGLTRJZCA,25.30354868535317,2020-07-06
510,Landfill,FGXMDSTOEN,26.11991366941333,2020-07-08
511,Aluminum Cans/Containers,WVDVOZHKPI,21.36093546391415,2020-07-07
512,Compost,VCRFPAYBMI,28.42643752055177,2020-07-08
513,Compost,XVLEQPNUAJ,23.46195450484266,2020-07-05
514,Plastic Wrap,WPVWUMKPUJ,25.891081415359864,2020-07-02
515,Wood,FGXMDSTOEN,26.270058458800833,2020-07-04
516,Landfill,WVDVOZHKPI,22.866748215995443,2020-07-04
517,Glass Bottles/Containers,KHYGWAOEFL,28.644834488683635,2020-07-08
518,Compost,JXGLTRJZCA,23.065913730687598,2020-07-01
519,Aluminum Cans/Containers,FIZVGPBYCK,16.819468494743738,2020-07-04
520,Landfill,FIZVGPBYCK,27.482655132965657,2020-07-01
521,Glass Bottles/Containers,NRWMDAJURW,26.830090335997134,2020-07-03
522,Glass Bottles/Containers,WMHIUJBJIB,34.80673919277357,2020-07-09
523,Plastic Wrap,YZACLWOQJU,8.359935412298942,2020-07-01
524,Wood,ZUWRKLPKPW,29.663198960869483,2020-07-06
525,Landfill,VINXPGNIYT,13.696369562419381,2020-07-05
526,Compost,WPTNPLNQLH,30.579708203693592,2020-07-04
527,E-waste,DOTPWZZIXP,7.203358349157316,2020-07-03
528,Plastic Wrap,EIMHZIKASB,35.263987406354495,2020-07-09
529,E-waste,YOJFDCPUDY,26.637777109072626,2020-07-04
530,Plastic Wrap,VCRFPAYBMI,2.965787761516033,2020-07-06
531,Plastic Bottles/Containers,FGXMDSTOEN,31.351826534427964,2020-07-05
532,Plastic Bottles/Containers,MWVEVZEDJV,24.39242154982671,2020-07-02
533,Landfill,QMRJCZUNDS,34.17765726428154,2020-07-06
534,E-waste,QMRJCZUNDS,14.306932587387418,2020-07-08
535,Metal,RLHRAMQDIC,31.788422531863315,2020-07-07
536,Plastic Wrap,HNPRHPSOTX,19.370407722797445,2020-07-01
537,E-waste,INMQFQEDWG,16.31050992076249,2020-07-09
538,Aluminum Cans/Containers,NUYZHPCPCS,42.856771124886805,2020-07-01
539,Compost,KHYGWAOEFL,5.406802995270329,2020-07-04
540,Paper/Cardboard,DOTPWZZIXP,31.96816456897733,2020-07-03
541,Landfill,EQYMAOXRRK,17.879057408178443,2020-07-03
542,Aluminum Cans/Containers,WWWCWMAWQJ,31.48783087327835,2020-07-08
543,E-waste,WWWCWMAWQJ,13.559736766899213,2020-07-09
544,Metal,DOGXMPEXKM,21.16100790732146,2020-07-09
545,Wood,LTXSURTVZB,42.60418409624081,2020-07-07
546,Paper/Cardboard,IXLWYYNAZL,8.911030144507095,2020-07-01
547,E-waste,MWVEVZEDJV,24.831925201990614,2020-07-05
548,Glass Bottles/Containers,FHBTLVLVMB,22.884615453200585,2020-07-01
549,Compost,WPSVWSBVNK,20.041588855541036,2020-07-01
550,Compost,NCQPCUNQQI,31.74845589058235,2020-07-09
551,Landfill,JNTXZJDJDZ,21.011828616308946,2020-07-05
552,Aluminum Cans/Containers,NCQPCUNQQI,20.373495671368794,2020-07-06
553,Plastic Bottles/Containers,MDJNEOBGDG,2.9177344266953327,2020-07-07
554,E-waste,UBUQZDCTSZ,4.181923497174857,2020-07-09
555,Glass Bottles/Containers,EYRERRERKH,31.056264251854174,2020-07-05
556,Compost,UBUQZDCTSZ,25.287837040359303,2020-07-05
557,Glass Bottles/Containers,KHYGWAOEFL,5.792545373942907,2020-07-02
558,Paper/Cardboard,ALXBBZTWXS,40.289970788198815,2020-07-07
559,Aluminum Cans/Containers,YYMIJJBEEH,17.321063750203642,2020-07-07
560,Landfill,WPVWUMKPUJ,12.867814439996774,2020-07-05
561,Compost,CDKURGWJJO,27.21586868400601,2020-07-09
562,Aluminum Cans/Containers,ZPLQFCYGNH,24.01583858587684,2020-07-08
563,Compost,KHYGWAOEFL,14.247768360105106,2020-07-04
564,Compost,INMQFQEDWG,21.098999981152712,2020-07-07
565,Wood,QTSLWDPPRS,40.74500415735358,2020-07-08
566,Landfill,QMRJCZUNDS,28.28391135773534,2020-07-09
567,Landfill,DOTPWZZIXP,19.264037086566766,2020-07-01
568,Plastic Wrap,YYMIJJBEEH,31.701044385928903,2020-07-07
569,Compost,GVQHZHXVXE,17.695038560813963,2020-07-09
570,Wood,MTKTBPDFSM,19.84159452830672,2020-07-02
571,Glass Bottles/Containers,GNTEMZFBQC,34.77529638780921,2020-07-02
572,Aluminum Cans/Containers,NCQPCUNQQI,20.498061749548796,2020-07-03
573,Compost,THFMVWFCHT,37.99906897082735,2020-07-05
574,Wood,ZJHQMKCHKQ,37.17767850786088,2020-07-07
575,Wood,ERGQZAGVLM,25.835174636630004,2020-07-02
576,Landfill,IXLWYYNAZL,21.985285907119966,2020-07-06
577,Plastic Wrap,DOGXMPEXKM,19.984433154041938,2020-07-05
578,Landfill,GGDYAKXSTC,34.801258875190896,2020-07-05
579,E-waste,GGDYAKXSTC,31.03066100929116,2020-07-02
580,Glass Bottles/Containers,GVQHZHXVXE,26.337993854931792,2020-07-09
581,Plastic Bottles/Containers,ENRKNPOKXG,42.28893374077428,2020-07-02
582,E-waste,INMQFQEDWG,19.93318758213219,2020-07-07
583,Plastic Bottles/Containers,LPGDKZKJXI,43.118712224765204,2020-07-06
584,Paper/Cardboard,YOJFDCPUDY,35.5173725495381,2020-07-06
585,Compost,MYDWXDDXJE,27.47427516800952,2020-07-04
586,E-waste,GGDYAKXSTC,47.211080525983476,2020-07-04
587,Wood,ELFLALDYYS,24.986461532109878,2020-07-08
588,Plastic Bottles/Containers,WPSVWSBVNK,6.197928149573894,2020-07-01
589,Plastic Wrap,EYRERRERKH,13.842131107304672,2020-07-03
590,Plastic Wrap,MYDWXDDXJE,29.95096047152104,2020-07-01
591,Plastic Bottles/Containers,QCJFTZMPZS,12.926174289970096,2020-07-01
592,Compost,YQLTMUTUJY,27.125225126639943,2020-07-08
593,Plastic Wrap,INQOCSQNYR,21.012169733398892,2020-07-01
594,Wood,EIMHZIKASB,27.107189326755716,2020-07-09
595,Metal,YYMIJJBEEH,22.187130512516358,2020-07-02
596,Wood,YOJFDCPUDY,18.791246498136573,2020-07-04
597,Paper/Cardboard,RVVNAXUGEY,24.32150625619666,2020-07-01
598,Paper/Cardboard,QMRJCZUNDS,30.14516190807683,2020-07-01
599,Compost,BWJMVQOBBC,4.199673448322191,2020-07-03
600,Glass Bottles/Containers,MWVEVZEDJV,23.123729793676905,2020-07-09
601,Landfill,XBWREXKQWU,26.937515934490172,2020-07-07
602,Landfill,ERGQZAGVLM,30.284195419977134,2020-07-01
603,Wood,ZJHQMKCHKQ,22.42494058314469,2020-07-08
604,Wood,IGKVAXFJBI,24.196234257133124,2020-07-05
605,Glass Bottles/Containers,NUYZHPCPCS,28.044944554482747,2020-07-05
606,Metal,YYMIJJBEEH,30.99126343807771,2020-07-06
607,Compost,UPTFYLULTD,27.064447148117036,2020-07-04
608,Metal,VKUTIXXQVV,30.536884727085756,2020-07-06
609,Wood,JXGLTRJZCA,43.57660973745533,2020-07-07
610,E-waste,GNABLWCDGP,24.93806775535134,2020-07-08
611,Glass Bottles/Containers,WMHIUJBJIB,9.510054025718782,2020-07-01
612,Landfill,IGKVAXFJBI,25.645427655948875,2020-07-04
613,Plastic Wrap,RLHRAMQDIC,17.61279805262702,2020-07-01
614,Metal,LTDPVCFQNI,36.84103530293717,2020-07-05
615,E-waste,VCRFPAYBMI,32.55763397232619,2020-07-05
616,Glass Bottles/Containers,QMRJCZUNDS,39.52948390561116,2020-07-01
617,Compost,CRBJNPNUJR,7.969807065096596,2020-07-08
618,Plastic Wrap,MTKTBPDFSM,1.225212576150689,2020-07-07
619,Plastic Wrap,JXGLTRJZCA,34.46524895660174,2020-07-07
620,Compost,AFLUQPYTDT,31.427720554920107,2020-07-02
621,Compost,JENKRWQJKZ,18.52694333440187,2020-07-09
622,Wood,CDKURGWJJO,47.73388413748634,2020-07-09
623,Aluminum Cans/Containers,NDVJAZWJHI,28.40839045754537,2020-07-07
624,Aluminum Cans/Containers,VCRFPAYBMI,10.356070084882427,2020-07-09
625,Aluminum Cans/Containers,CBSHOKXRDI,35.080506902371106,2020-07-05
626,Landfill,WMHIUJBJIB,7.536674341348434,2020-07-02
627,Wood,IXLWYYNAZL,31.664948817555867,2020-07-07
628,Wood,SQQWXLMFUB,32.28291431985826,2020-07-05
629,Landfill,GGDYAKXSTC,24.291007162605737,2020-07-05
630,Landfill,LTDPVCFQNI,5.279433589361208,2020-07-01
631,Aluminum Cans/Containers,EIMHZIKASB,30.311469268358962,2020-07-04
632,Paper/Cardboard,AKYZQSEAMU,9.562472407626274,2020-07-06
633,Plastic Bottles/Containers,ZUWRKLPKPW,14.794446720997582,2020-07-07
634,Paper/Cardboard,TZQOOSTJQZ,39.306460846978126,2020-07-09
635,Wood,WPSVWSBVNK,15.628330004745642,2020-07-02
636,Compost,YZACLWOQJU,35.52243329940664,2020-07-04
637,Plastic Wrap,CBSHOKXRDI,1.962273443189602,2020-07-08
638,E-waste,VKUTIXXQVV,13.470886744258443,2020-07-07
639,Paper/Cardboard,ATVWLGGNJY,24.152806946111916,2020-07-05
640,Wood,NUYZHPCPCS,9.714250422724175,2020-07-03
641,Paper/Cardboard,AFLUQPYTDT,8.077427208972939,2020-07-04
642,E-waste,FGXMDSTOEN,39.467036354724016,2020-07-02
643,E-waste,HXCDLPMPYY,13.130052459209036,2020-07-04
644,E-waste,CRBJNPNUJR,26.361810001741883,2020-07-05
645,Compost,HTQTNWHJKA,36.47998655848312,2020-07-09
646,Plastic Wrap,HXCDLPMPYY,17.328839270914553,2020-07-02
647,E-waste,WVHUARAZVP,12.539055965447822,2020-07-01
648,Metal,AINWIAYDQU,38.08168578370032,2020-07-01
649,Glass Bottles/Containers,ATNSADZAWQ,31.409535775733154,2020-07-07
650,Paper/Cardboard,LTXSURTVZB,20.47181622246168,2020-07-09
651,Aluminum Cans/Containers,IXLWYYNAZL,25.115645022053357,2020-07-02
652,Plastic Wrap,BWJMVQOBBC,1.4039818349457498,2020-07-05
653,Glass Bottles/Containers,RVVNAXUGEY,11.790248988054072,2020-07-08
654,Landfill,MWVEVZEDJV,36.21695683224777,2020-07-09
655,Glass Bottles/Containers,PCQFMRBYSX,26.960561436966724,2020-07-01
656,Compost,UBUQZDCTSZ,41.393789281485375,2020-07-04
657,Plastic Bottles/Containers,NDVJAZWJHI,17.095403051448468,2020-07-08
658,Landfill,TYTJRJQAAR,35.19201472347869,2020-07-01
659,Plastic Bottles/Containers,JNTXZJDJDZ,25.25344976138895,2020-07-04
660,Landfill,GNABLWCDGP,10.214678268071513,2020-07-02
661,Metal,GEYGXNPXZR,33.10664309910038,2020-07-01
662,Glass Bottles/Containers,HTQTNWHJKA,9.903596204699504,2020-07-02
663,E-waste,CBSHOKXRDI,29.840488462142314,2020-07-08
664,Glass Bottles/Containers,MYDWXDDXJE,10.69785475250555,2020-07-08
665,Paper/Cardboard,ELFLALDYYS,31.95385944054241,2020-07-04
666,E-waste,ALXBBZTWXS,9.685990664402413,2020-07-07
667,Plastic Wrap,CWBDTFNHFE,35.911630637912545,2020-07-07
668,Glass Bottles/Containers,NRWMDAJURW,27.389068113066926,2020-07-01
669,Paper/Cardboard,ELFLALDYYS,19.404625931502743,2020-07-05
670,E-waste,NDVJAZWJHI,35.755840616839826,2020-07-05
671,Wood,INMQFQEDWG,23.400118273884065,2020-07-02
672,Plastic Wrap,CWBDTFNHFE,38.38851348768139,2020-07-05
673,E-waste,ZUWRKLPKPW,24.736915724339543,2020-07-09
674,Compost,WMHIUJBJIB,22.59023624611725,2020-07-07
675,Landfill,MWVEVZEDJV,34.41090778256299,2020-07-06
676,Landfill,VKUTIXXQVV,2.5774469560209567,2020-07-09
677,Aluminum Cans/Containers,FGXMDSTOEN,16.903108932379165,2020-07-01
678,Paper/Cardboard,GEYGXNPXZR,21.740022670604105,2020-07-02
679,Plastic Bottles/Containers,XWCBTJLLZQ,20.12788424121711,2020-07-06
680,Landfill,FIZVGPBYCK,32.20947755941876,2020-07-08
681,Plastic Bottles/Containers,FIZVGPBYCK,21.637723565367125,2020-07-01
682,Compost,VCRFPAYBMI,39.7132443522897,2020-07-08
683,Aluminum Cans/Containers,GGDYAKXSTC,19.56059259561949,2020-07-01
684,E-waste,RLHRAMQDIC,16.819462194324192,2020-07-02
685,Aluminum Cans/Containers,FGXMDSTOEN,39.01061690352927,2020-07-07
686,Landfill,SQQWXLMFUB,22.154544006807157,2020-07-09
687,Aluminum Cans/Containers,ALXBBZTWXS,30.244148472710833,2020-07-08
688,Paper/Cardboard,ZUWRKLPKPW,16.901588201743124,2020-07-07
689,Glass Bottles/Containers,ITYFCQRMIL,22.728840039977136,2020-07-01
690,Plastic Wrap,NUYZHPCPCS,4.973214285473361,2020-07-01
691,Wood,EIMHZIKASB,22.88257735484896,2020-07-06
692,E-waste,CBSHOKXRDI,23.0667445886758,2020-07-06
693,Landfill,CWBDTFNHFE,31.173751205903805,2020-07-03
694,Aluminum Cans/Containers,IXLWYYNAZL,19.909674092591864,2020-07-06
695,E-waste,HTQTNWHJKA,10.342039776677714,2020-07-06
696,Glass Bottles/Containers,QCJFTZMPZS,30.938572513644797,2020-07-02
697,Paper/Cardboard,CRBJNPNUJR,15.435466151860641,2020-07-03
698,Aluminum Cans/Containers,IGKVAXFJBI,31.255291725384946,2020-07-08
699,Aluminum Cans/Containers,WPVWUMKPUJ,20.190905546318227,2020-07-06
700,Wood,PIXLGIKMPT,36.94636693353465,2020-07-01
701,Aluminum Cans/Containers,LTXSURTVZB,17.901770937841146,2020-07-09
702,Metal,LPGDKZKJXI,35.013151344994355,2020-07-08
703,Wood,IGKVAXFJBI,27.28810489778343,2020-07-04
704,Plastic Bottles/Containers,WVHUARAZVP,23.278658823764026,2020-07-09
705,Aluminum Cans/Containers,EQYMAOXRRK,30.09825859366321,2020-07-04
706,E-waste,INQOCSQNYR,35.50481029517756,2020-07-07
707,Aluminum Cans/Containers,LPGDKZKJXI,27.65811584455236,2020-07-03
708,Paper/Cardboard,MWVEVZEDJV,35.07687611850328,2020-07-03
709,Plastic Wrap,PIXLGIKMPT,24.86918151267786,2020-07-07
710,Compost,EQYMAOXRRK,7.429376564402737,2020-07-01
711,Compost,SQQWXLMFUB,25.03294385934883,2020-07-07
712,Plastic Bottles/Containers,GNABLWCDGP,19.95809327920435,2020-07-06
713,Metal,GNTEMZFBQC,38.755017202545744,2020-07-02
714,E-waste,LTDPVCFQNI,19.504315340641536,2020-07-09
715,Metal,WRCQEZUHHB,26.04681160819013,2020-07-04
716,E-waste,JDFUCVXZRZ,19.553076106859844,2020-07-05
717,Paper/Cardboard,DABVQSBGMM,31.216536856787094,2020-07-08
718,E-waste,FGXMDSTOEN,31.938401274195638,2020-07-09
719,Metal,ATNSADZAWQ,5.6865909780151895,2020-07-04
720,Wood,TZQOOSTJQZ,21.37428152139211,2020-07-07
721,Glass Bottles/Containers,NUYZHPCPCS,33.437195662771146,2020-07-04
722,E-waste,NUYZHPCPCS,36.78183467787298,2020-07-01
723,Compost,YZACLWOQJU,27.333571282413335,2020-07-06
724,Aluminum Cans/Containers,INMQFQEDWG,42.18272400291243,2020-07-08
725,Wood,DOGXMPEXKM,28.26811333733109,2020-07-03
726,Paper/Cardboard,ZUWRKLPKPW,38.3011164405339,2020-07-02
727,Compost,PCQFMRBYSX,42.978962630087,2020-07-09
728,Landfill,WPTNPLNQLH,51.35930496238748,2020-07-02
729,Wood,GNABLWCDGP,34.2142044794631,2020-07-03
730,Plastic Wrap,HXCDLPMPYY,33.00776169851342,2020-07-08
731,Landfill,GNTEMZFBQC,27.567348932167345,2020-07-05
732,Glass Bottles/Containers,ZUWRKLPKPW,40.29678917448005,2020-07-01
733,Plastic Wrap,ITYFCQRMIL,26.879978341418738,2020-07-07
734,Aluminum Cans/Containers,FIZVGPBYCK,21.31383316099006,2020-07-06
735,Wood,ZUWRKLPKPW,35.44584087412679,2020-07-04
736,Compost,GVQHZHXVXE,46.58875443191377,2020-07-07
737,Landfill,ELFLALDYYS,14.468862324971631,2020-07-02
738,Aluminum Cans/Containers,EIMHZIKASB,23.198211805355655,2020-07-01
739,E-waste,JNMANIGDSK,29.601539181320447,2020-07-05
740,Plastic Wrap,UBUQZDCTSZ,29.02193849770002,2020-07-01
741,Plastic Bottles/Containers,ALXBBZTWXS,24.84062430123171,2020-07-02
742,Glass Bottles/Containers,MTKTBPDFSM,9.156707121860812,2020-07-05
743,Plastic Bottles/Containers,QCJFTZMPZS,19.067978369058068,2020-07-03
744,Plastic Bottles/Containers,QTSLWDPPRS,9.154437544868628,2020-07-02
745,Compost,ENRKNPOKXG,36.329212377711436,2020-07-03
746,E-waste,YQLTMUTUJY,14.764506731325884,2020-07-09
747,Paper/Cardboard,HTQTNWHJKA,29.07975249279393,2020-07-02
748,E-waste,JDFUCVXZRZ,6.381896308852127,2020-07-02
749,Glass Bottles/Containers,KHYGWAOEFL,26.092446493363436,2020-07-02
750,Plastic Bottles/Containers,XVLEQPNUAJ,23.652214459951097,2020-07-01
751,Paper/Cardboard,AFLUQPYTDT,34.27016896070036,2020-07-09
752,Compost,PCQFMRBYSX,23.300931540929398,2020-07-08
753,Glass Bottles/Containers,JXGLTRJZCA,30.811058050330598,2020-07-03
754,Metal,GNABLWCDGP,39.51441248076094,2020-07-06
755,E-waste,UPTFYLULTD,9.74217236112108,2020-07-02
756,Landfill,PIXLGIKMPT,15.970360432135257,2020-07-02
757,Plastic Wrap,NUYZHPCPCS,17.80004072673242,2020-07-01
758,Metal,QBZVPCBGRU,9.4610770817385,2020-07-01
759,Paper/Cardboard,JFAKTRFCLX,17.655776837136003,2020-07-08
760,Glass Bottles/Containers,NDVJAZWJHI,3.891763942874146,2020-07-01
761,Aluminum Cans/Containers,YOJFDCPUDY,13.554116827527373,2020-07-02
762,Compost,EYRERRERKH,15.318721815268958,2020-07-02
763,Compost,HNPRHPSOTX,28.975404661713952,2020-07-04
764,Wood,HNPRHPSOTX,23.00169025568382,2020-07-03
765,Paper/Cardboard,AINWIAYDQU,29.04840768925837,2020-07-06
766,Glass Bottles/Containers,LPGDKZKJXI,11.537082331413757,2020-07-03
767,Plastic Wrap,KHYGWAOEFL,25.317813051065006,2020-07-07
768,Aluminum Cans/Containers,QBZVPCBGRU,17.488418582149237,2020-07-08
769,Metal,GDGWSGRJOW,7.6731780150569975,2020-07-02
770,Plastic Wrap,TZQOOSTJQZ,22.49258815179756,2020-07-03
771,Landfill,ALXBBZTWXS,26.908728351060965,2020-07-01
772,Plastic Wrap,ATVWLGGNJY,22.692223659702304,2020-07-08
773,Metal,WVDVOZHKPI,19.681679045298644,2020-07-08
774,Paper/Cardboard,MYDWXDDXJE,35.09934259253867,2020-07-09
775,E-waste,ZPLQFCYGNH,28.807000483950397,2020-07-08
776,Wood,QTSLWDPPRS,19.955603513185267,2020-07-07
777,Compost,IXLWYYNAZL,4.804241886606189,2020-07-02
778,Landfill,YZACLWOQJU,31.537657338202973,2020-07-06
779,Paper/Cardboard,ZPLQFCYGNH,16.725134758007158,2020-07-07
780,Metal,EYRERRERKH,35.09620918172544,2020-07-01
781,Metal,NDVJAZWJHI,22.19219016242913,2020-07-05
782,Paper/Cardboard,DOGXMPEXKM,38.943502961194625,2020-07-08
783,Plastic Bottles/Containers,WVHUARAZVP,10.595390464365684,2020-07-03
784,Wood,XWCBTJLLZQ,13.321737943566916,2020-07-09
785,Glass Bottles/Containers,PIXLGIKMPT,28.71928656474317,2020-07-06
786,E-waste,ALXBBZTWXS,23.437466922177858,2020-07-05
787,Plastic Wrap,BWJMVQOBBC,21.241828259884393,2020-07-08
788,Aluminum Cans/Containers,RVVNAXUGEY,23.29412193356491,2020-07-07
789,Plastic Wrap,JIGKSLXYYY,26.38141533162268,2020-07-04
790,Plastic Wrap,GGDYAKXSTC,43.568206208823185,2020-07-01
791,Landfill,GEYGXNPXZR,8.573175545575268,2020-07-05
792,Plastic Bottles/Containers,NRWMDAJURW,26.42135886608725,2020-07-03
793,Metal,WWWCWMAWQJ,39.201273717630016,2020-07-01
794,Aluminum Cans/Containers,RLHRAMQDIC,26.21240766946036,2020-07-01
795,E-waste,YOJFDCPUDY,14.7371926959679,2020-07-08
796,Glass Bottles/Containers,LTDPVCFQNI,8.089236365851438,2020-07-06
797,Aluminum Cans/Containers,AFLUQPYTDT,18.64905845548435,2020-07-04
798,Wood,VCRFPAYBMI,9.071593906501217,2020-07-04
799,Metal,NUYZHPCPCS,27.9274163240961,2020-07-01
800,Plastic Bottles/Containers,IGKVAXFJBI,30.416890017926278,2020-07-06
801,Compost,DOTPWZZIXP,15.131131602066667,2020-07-09
802,Wood,JIGKSLXYYY,27.300908798993152,2020-07-03
803,Wood,MYDWXDDXJE,20.340542165643782,2020-07-01
804,Wood,LTDPVCFQNI,14.418707213180772,2020-07-04
805,Glass Bottles/Containers,FGXMDSTOEN,37.81203873864301,2020-07-01
806,Glass Bottles/Containers,QMRJCZUNDS,36.54437328682971,2020-07-05
807,Paper/Cardboard,GDGWSGRJOW,28.89280218993269,2020-07-05
808,Wood,ZUWRKLPKPW,30.7679223876521,2020-07-09
809,Glass Bottles/Containers,AFLUQPYTDT,15.337948551590419,2020-07-02
810,Aluminum Cans/Containers,IXLWYYNAZL,31.481014069697558,2020-07-03
811,Aluminum Cans/Containers,CRBJNPNUJR,23.05302029923769,2020-07-02
812,E-waste,ZJHQMKCHKQ,22.868197943837444,2020-07-04
813,Paper/Cardboard,JDFUCVXZRZ,3.0783110373937745,2020-07-04
814,Glass Bottles/Containers,ALXBBZTWXS,16.203250530366,2020-07-08
815,Paper/Cardboard,AARQTPCRVI,19.41153037649592,2020-07-02
816,Compost,FGXMDSTOEN,36.75036559971882,2020-07-08
817,Metal,YYMIJJBEEH,26.73260557564168,2020-07-07
818,E-waste,GVQHZHXVXE,31.75963649543588,2020-07-06
819,Compost,YOJFDCPUDY,17.66697644342517,2020-07-02
820,E-waste,FIZVGPBYCK,6.7818524795827955,2020-07-07
821,Plastic Bottles/Containers,PCQFMRBYSX,28.337372147718224,2020-07-01
822,Wood,INQOCSQNYR,50.61276711246627,2020-07-06
823,Paper/Cardboard,QBZVPCBGRU,36.62922167771619,2020-07-05
824,Plastic Wrap,RLHRAMQDIC,30.27719514904981,2020-07-07
825,Wood,JXGLTRJZCA,17.28886338852534,2020-07-08
826,Metal,JIGKSLXYYY,37.51505572742873,2020-07-01
827,Landfill,SQQWXLMFUB,18.150417233755338,2020-07-04
828,Landfill,KCFZWLLJOY,35.13031109867799,2020-07-02
829,Plastic Bottles/Containers,ERGQZAGVLM,20.013313115540086,2020-07-04
830,Glass Bottles/Containers,NCQPCUNQQI,17.032883317999428,2020-07-04
831,Landfill,HTQTNWHJKA,20.41862614875388,2020-07-08
832,Aluminum Cans/Containers,INMQFQEDWG,17.958670267188523,2020-07-03
833,Glass Bottles/Containers,IXLWYYNAZL,19.87689065610923,2020-07-08
834,Landfill,WPVWUMKPUJ,18.29846934694432,2020-07-01
835,Plastic Wrap,JXGLTRJZCA,35.29185016804388,2020-07-04
836,Plastic Bottles/Containers,INQOCSQNYR,31.68875196610695,2020-07-09
837,Aluminum Cans/Containers,FGXMDSTOEN,24.313000711394576,2020-07-09
838,Compost,QCJFTZMPZS,15.772969062177163,2020-07-08
839,E-waste,MYDWXDDXJE,27.393166930777877,2020-07-01
840,Wood,INQOCSQNYR,11.349806696999021,2020-07-08
841,Metal,GEYGXNPXZR,21.65647189866961,2020-07-07
842,Glass Bottles/Containers,ERGQZAGVLM,34.82689376998134,2020-07-06
843,Compost,SOLXOMHHRU,30.62963669534733,2020-07-04
844,Wood,XVLEQPNUAJ,29.540194481270397,2020-07-07
845,Plastic Wrap,ZDKYPCYEEE,37.308057086393525,2020-07-02
846,Plastic Wrap,ALXBBZTWXS,27.7565493174605,2020-07-05
847,Plastic Wrap,MYDWXDDXJE,8.414790179066472,2020-07-02
848,Wood,KCFZWLLJOY,21.327438915560865,2020-07-04
849,Glass Bottles/Containers,SQQWXLMFUB,34.52133128006549,2020-07-02
850,Paper/Cardboard,PCQFMRBYSX,13.991894600016096,2020-07-02
851,Plastic Bottles/Containers,TQHYHXKWVF,22.842841126401225,2020-07-04
852,Paper/Cardboard,QCJFTZMPZS,19.075685264128822,2020-07-05
853,Plastic Bottles/Containers,WWWCWMAWQJ,19.593766373786607,2020-07-02
854,E-waste,JIGKSLXYYY,32.24140159345791,2020-07-09
855,Glass Bottles/Containers,JNMANIGDSK,41.73534964718759,2020-07-02
856,Wood,KHYGWAOEFL,26.622602782515614,2020-07-02
857,Plastic Bottles/Containers,ATVWLGGNJY,27.423673329883528,2020-07-07
858,Paper/Cardboard,HTIJNUATLB,46.73899596426877,2020-07-03
859,Aluminum Cans/Containers,GNTEMZFBQC,22.814541624598217,2020-07-05
860,E-waste,GEYGXNPXZR,28.127141234819796,2020-07-06
861,Wood,SOLXOMHHRU,37.36022831535055,2020-07-08
862,Metal,MYDWXDDXJE,35.12543464395537,2020-07-02
863,Compost,DABVQSBGMM,23.527579250805783,2020-07-06
864,Metal,QTSLWDPPRS,59.148335515781476,2020-07-04
865,E-waste,KTICIWRIFV,22.37144222409007,2020-07-04
866,Paper/Cardboard,HXCDLPMPYY,31.509946242052976,2020-07-07
867,Plastic Bottles/Containers,GNABLWCDGP,41.79230927086083,2020-07-06
868,Plastic Wrap,KHYGWAOEFL,24.438746521379827,2020-07-01
869,Paper/Cardboard,EQYMAOXRRK,20.738561515326072,2020-07-07
870,Metal,HNPRHPSOTX,7.3244674142929185,2020-07-04
871,E-waste,BWJMVQOBBC,11.966336741685598,2020-07-04
872,Wood,XBWREXKQWU,16.751819789406227,2020-07-06
873,Plastic Bottles/Containers,MDJNEOBGDG,25.392117392178474,2020-07-03
874,Metal,NDVJAZWJHI,23.9033384205024,2020-07-01
875,E-waste,BWJMVQOBBC,25.865785494599567,2020-07-08
876,Paper/Cardboard,INMQFQEDWG,28.028378178273798,2020-07-08
877,Landfill,YYMIJJBEEH,32.37895837787526,2020-07-01
878,Aluminum Cans/Containers,CRBJNPNUJR,23.840126490720724,2020-07-08
879,E-waste,AFLUQPYTDT,40.007277405128235,2020-07-01
880,Paper/Cardboard,NDVJAZWJHI,22.253906300361724,2020-07-08
881,Compost,INMQFQEDWG,23.85273737306858,2020-07-03
882,Glass Bottles/Containers,AFLUQPYTDT,17.397992302992044,2020-07-09
883,Aluminum Cans/Containers,ZDKYPCYEEE,43.94837752440329,2020-07-09
884,Plastic Wrap,ENRKNPOKXG,24.19058596546737,2020-07-07
885,Plastic Wrap,IXLWYYNAZL,20.883635434992357,2020-07-05
886,Wood,WPVWUMKPUJ,24.399645209175798,2020-07-09
887,Plastic Wrap,NUYZHPCPCS,26.968465971464433,2020-07-08
888,Glass Bottles/Containers,HTQTNWHJKA,30.328949171586693,2020-07-07
889,Glass Bottles/Containers,ELFLALDYYS,24.79383111343518,2020-07-06
890,Metal,AKYZQSEAMU,28.44690402215289,2020-07-03
891,Aluminum Cans/Containers,NRWMDAJURW,13.678754068186851,2020-07-03
892,Aluminum Cans/Containers,LTXSURTVZB,24.45110899923935,2020-07-03
893,Landfill,RLHRAMQDIC,17.617304934390305,2020-07-06
894,Wood,MTKTBPDFSM,46.57551116470438,2020-07-07
895,Paper/Cardboard,QMRJCZUNDS,16.478896260773325,2020-07-06
896,Glass Bottles/Containers,ZPLQFCYGNH,37.23341093708137,2020-07-06
897,Paper/Cardboard,NMEETTHCYX,14.155172094117985,2020-07-04
898,Compost,WPTNPLNQLH,29.26483412485586,2020-07-08
899,Metal,JIGKSLXYYY,30.23102167625219,2020-07-03
900,E-waste,KCFZWLLJOY,18.05368253937847,2020-07-05
901,Aluminum Cans/Containers,LTXSURTVZB,25.2723048077119,2020-07-09
902,Plastic Wrap,YQLTMUTUJY,37.17084880640217,2020-07-09
903,Metal,HTQTNWHJKA,29.22423829868653,2020-07-08
904,Landfill,INQOCSQNYR,30.611912185550807,2020-07-01
905,Metal,VCRFPAYBMI,9.787073285689194,2020-07-08
906,Glass Bottles/Containers,CRBJNPNUJR,24.105562913313538,2020-07-06
907,Aluminum Cans/Containers,QBZVPCBGRU,35.47601965581651,2020-07-08
908,Paper/Cardboard,JENKRWQJKZ,41.206589451028165,2020-07-03
909,Glass Bottles/Containers,YYMIJJBEEH,28.364728667189727,2020-07-08
910,Metal,UPTFYLULTD,41.65208229677671,2020-07-03
911,Paper/Cardboard,KCFZWLLJOY,22.57571147807421,2020-07-05
912,Aluminum Cans/Containers,MWVEVZEDJV,25.150311676541342,2020-07-08
913,Glass Bottles/Containers,ENRKNPOKXG,20.12835988945347,2020-07-06
914,E-waste,JFAKTRFCLX,30.6498072445724,2020-07-08
915,Glass Bottles/Containers,CDKURGWJJO,33.196173054174565,2020-07-03
916,Metal,PCQFMRBYSX,28.35625113519291,2020-07-09
917,Glass Bottles/Containers,WMHIUJBJIB,19.17369604956356,2020-07-05
918,Paper/Cardboard,TYTJRJQAAR,13.168151264209058,2020-07-09
919,Wood,FHBTLVLVMB,28.790823334913128,2020-07-07
920,Aluminum Cans/Containers,YZACLWOQJU,32.7549606676031,2020-07-08
921,E-waste,XWCBTJLLZQ,27.05894205102232,2020-07-05
922,Wood,UPTFYLULTD,32.77090877910275,2020-07-07
923,Landfill,KCFZWLLJOY,28.553308520019726,2020-07-07
924,Glass Bottles/Containers,EIMHZIKASB,25.15195876684108,2020-07-09
925,E-waste,XVLEQPNUAJ,21.309435849205393,2020-07-01
926,Plastic Wrap,FHBTLVLVMB,29.320550204913314,2020-07-04
927,Landfill,WRCQEZUHHB,40.99221504773717,2020-07-02
928,E-waste,ERGQZAGVLM,14.362478251638125,2020-07-03
929,Plastic Wrap,ALXBBZTWXS,22.902560343945755,2020-07-02
930,Aluminum Cans/Containers,KTICIWRIFV,41.86883302670363,2020-07-03
931,Compost,XVLEQPNUAJ,31.60373623111577,2020-07-07
932,Compost,ZJHQMKCHKQ,26.41638013208002,2020-07-01
933,Aluminum Cans/Containers,RVVNAXUGEY,21.92623648597953,2020-07-07
934,Compost,AKYZQSEAMU,25.431200461889507,2020-07-02
935,Plastic Wrap,ALXBBZTWXS,32.30697021671211,2020-07-04
936,Landfill,WWWCWMAWQJ,25.34903921539407,2020-07-08
937,Plastic Wrap,XXCCHSYREE,40.33841850133788,2020-07-07
938,Compost,ZPLQFCYGNH,29.78047019324062,2020-07-08
939,Plastic Bottles/Containers,MTKTBPDFSM,22.58581140485957,2020-07-05
940,Aluminum Cans/Containers,ENRKNPOKXG,18.601343058210944,2020-07-09
941,Metal,FHBTLVLVMB,25.379822871792026,2020-07-09
942,E-waste,HTIJNUATLB,36.699875913283,2020-07-05
943,Landfill,THFMVWFCHT,21.090785146328496,2020-07-03
944,Glass Bottles/Containers,AARQTPCRVI,29.584044360325084,2020-07-02
945,Glass Bottles/Containers,ZDKYPCYEEE,36.846295092128315,2020-07-04
946,Plastic Wrap,HXCDLPMPYY,7.466483181098123,2020-07-09
947,Compost,QCJFTZMPZS,42.36054549374661,2020-07-04
948,Aluminum Cans/Containers,ATNSADZAWQ,23.815309605419746,2020-07-02
949,Plastic Bottles/Containers,INMQFQEDWG,25.17866198694927,2020-07-03
950,E-waste,XVLEQPNUAJ,20.79817355684535,2020-07-03
951,Paper/Cardboard,FHBTLVLVMB,28.60783032801258,2020-07-09
952,Plastic Wrap,QMRJCZUNDS,22.826090654319824,2020-07-04
953,Compost,WPVWUMKPUJ,21.20840786372397,2020-07-07
954,Wood,PCQFMRBYSX,12.660690837440304,2020-07-08
955,Glass Bottles/Containers,DOTPWZZIXP,23.707585036618152,2020-07-06
956,Metal,YQLTMUTUJY,39.55942527372204,2020-07-09
957,Glass Bottles/Containers,GEYGXNPXZR,32.654829072355575,2020-07-06
958,Wood,AINWIAYDQU,10.601129518078071,2020-07-08
959,Aluminum Cans/Containers,GNTEMZFBQC,34.29012433616545,2020-07-01
960,Glass Bottles/Containers,IGKVAXFJBI,30.363489589676128,2020-07-04
961,Metal,INMQFQEDWG,41.92603278428136,2020-07-05
962,Paper/Cardboard,XBWREXKQWU,35.13054541177435,2020-07-06
963,Plastic Bottles/Containers,TZQOOSTJQZ,27.137535635627234,2020-07-07
964,Plastic Bottles/Containers,PIXLGIKMPT,34.92009535017006,2020-07-07
965,Plastic Wrap,NMEETTHCYX,33.865397117869655,2020-07-06
966,Paper/Cardboard,IGKVAXFJBI,11.836138914039275,2020-07-07
967,Aluminum Cans/Containers,BWJMVQOBBC,15.409759792593432,2020-07-09
968,Plastic Wrap,NMEETTHCYX,27.555590230899707,2020-07-09
969,Plastic Bottles/Containers,ERGQZAGVLM,20.704399873808335,2020-07-03
970,Glass Bottles/Containers,THFMVWFCHT,39.17405396770036,2020-07-03
971,Plastic Bottles/Containers,QCJFTZMPZS,15.64516127457167,2020-07-07
972,Plastic Bottles/Containers,GGDYAKXSTC,22.016900968084233,2020-07-09
973,E-waste,UPTFYLULTD,10.037096452664665,2020-07-04
974,Compost,XWCBTJLLZQ,11.319689592766311,2020-07-07
975,Compost,JENKRWQJKZ,29.381055105927985,2020-07-01
976,Glass Bottles/Containers,HNPRHPSOTX,33.26752018095611,2020-07-01
977,Plastic Bottles/Containers,RVVNAXUGEY,21.68074705237975,2020-07-02
978,Landfill,INQOCSQNYR,19.37699237078413,2020-07-08
979,Plastic Bottles/Containers,GDGWSGRJOW,18.62576960818552,2020-07-04
980,Landfill,AFLUQPYTDT,30.442305056458416,2020-07-07
981,Landfill,YOJFDCPUDY,24.008291112820583,2020-07-04
982,Plastic Wrap,JIGKSLXYYY,8.448471588538474,2020-07-08
983,Compost,AFLUQPYTDT,34.91026642127544,2020-07-07
984,Glass Bottles/Containers,NCQPCUNQQI,32.887785391824266,2020-07-06
985,Glass Bottles/Containers,WPVWUMKPUJ,14.109338980120953,2020-07-09
986,Metal,KCFZWLLJOY,27.48779216312533,2020-07-07
987,Landfill,PIXLGIKMPT,36.350992077572954,2020-07-07
988,Glass Bottles/Containers,UBUQZDCTSZ,32.12372340201433,2020-07-03
989,Glass Bottles/Containers,QCJFTZMPZS,6.935441371786716,2020-07-01
990,E-waste,LTXSURTVZB,16.4606288846935,2020-07-09
991,Metal,JIGKSLXYYY,4.917317665074865,2020-07-09
992,Paper/Cardboard,KTICIWRIFV,31.249330728893632,2020-07-02
993,Glass Bottles/Containers,CWBDTFNHFE,37.30696892494737,2020-07-09
994,E-waste,MTKTBPDFSM,19.146095121425372,2020-07-08
995,Paper/Cardboard,TZQOOSTJQZ,9.9716914398739,2020-07-02
996,Plastic Wrap,WMHIUJBJIB,29.981530213608004,2020-07-01
997,Plastic Bottles/Containers,TQHYHXKWVF,1.4583035975195493,2020-07-09
998,Wood,JXGLTRJZCA,7.53465374942045,2020-07-01
999,E-waste,AKYZQSEAMU,32.45350634040508,2020-07-07
